<?xml version="1.0" encoding="UTF-8"?>
<!DOCTYPE mapper PUBLIC "-//mybatis.org//DTD Mapper 3.0//EN" "http://mybatis.org/dtd/mybatis-3-mapper.dtd">
<mapper namespace="com.hhit.dao.AdminDao">
    <resultMap id="AdminResultMap" type="com.hhit.model.Admin">
        <result column="username" property="username" jdbcType="VARCHAR" />
        <result column="userid" property="userid" jdbcType="VARCHAR" />
        <result column="password" property="password" jdbcType="VARCHAR" />
    </resultMap>
    <select id="selectByadminname" resultType="com.hhit.model.Admin" parameterType="String">
        select * from admin where username=#{username}
    </select>
    <select id="selectByadminid" resultType="com.hhit.model.Admin" parameterType="String">
        select * from admin where userid=#{userid}
    </select>
    <update id="adminupdatepwd" parameterType="com.hhit.model.Admin">
        UPDATE admin set password=#{password} where userid=#{userid}
    </update>
</mapper>