<?xml version="1.0" encoding="UTF-8"?>
<!DOCTYPE mapper PUBLIC "-//mybatis.org//DTD Mapper 3.0//EN" "http://mybatis.org/dtd/mybatis-3-mapper.dtd">

<!-- 设置为IUserDao接口方法提供sql语句配置 -->
<mapper namespace="com.hhit.dao.UserDao">
       <select id="selectByusername" resultType="com.hhit.model.User" parameterType="String">
          select * from user where username=#{username}
       </select>
       <select id="selectLogin" resultType="com.hhit.model.User" parameterType="String">
          select * from user where username=#{username}
       </select>

        <select id="selectlogin" resultType="com.hhit.model.User" parameterType="com.hhit.model.User">
            select * from user where username=#{username} and password=#{password}
        </select>

        <update id="updatepass" parameterType="com.hhit.model.User">
            UPDATE user set password=#{password} where username=#{username}
        </update>

        <select id="userSearchall" resultType="com.hhit.model.User" >
            select * from user
        </select>

        <delete id="deleteuser" parameterType="Int">
            delete from user where id=#{id}
        </delete>

        <insert id="adduser" parameterType="com.hhit.model.User">
            insert into user(username,loginname,password) values(#{username},#{loginname},#{password})
        </insert>

        <update id="updateuser" parameterType="com.hhit.model.User">
            update user set username=#{username},loginname=#{loginname},password=#{password}
            where id=#{id}
        </update>


</mapper>